<?xml version="1.0" encoding="UTF-8"?>
<!DOCTYPE mapper PUBLIC "-//mybatis.org//DTD Mapper 3.0//EN" "http://mybatis.org/dtd/mybatis-3-mapper.dtd">
<mapper namespace="com.example.fanyi.mapper.studymapper">
    <select id="study8" parameterType="int"  resultType="com.example.fanyi.entity.word">
        select * from studyword where id = #{id}
    </select>
    <select id="study6" parameterType="int" resultType="com.example.fanyi.entity.word">
        select * from sixword where id = #{id}
    </select>
    <select id="study4" parameterType="int" resultType="com.example.fanyi.entity.word">
        select * from fourword where id = #{id}
    </select>
    <select id="record" parameterType="String" resultType="int">
        select record from recite where id = #{id}and type=#{type}
    </select>
    <update id="changerecourd" parameterType="String">
        update recite SET record=#{record} WHERE id =#{id} and type=#{type}
    </update>
</mapper>
