<?xml version="1.0" encoding="UTF-8"?>
<!DOCTYPE mapper PUBLIC "-//mybatis.org//DTD Mapper 3.0//EN" "http://mybatis.org/dtd/mybatis-3-mapper.dtd">
<mapper namespace="com.example.fanyi.mapper.UserMapper">
    <select id="Sel" parameterType="String" resultType="com.example.fanyi.entity.User">
        select * from user where id = #{id}
    </select>
    <select id="getplan" resultType="String">
        select num from plan where id = #{id}
    </select>
    <select id="getsign" resultType="int" parameterType="String">
        select time from sign where id = #{id}
    </select>
    <insert id="insertuser" parameterType="String">
        insert into user(id,password) values (#{id},#{password})
    </insert>
    <insert id="insertuserplan" parameterType="String">
        insert into plan(id,num) values (#{id},#{num})
    </insert>
    <insert id="insertusertype4" parameterType="String">
        insert into recite(id,type) values (#{id},#{type})
    </insert>
    <insert id="insertusertype6" parameterType="String">
        insert into recite(id,type) values (#{id},#{type})
    </insert>
    <insert id="insertusertype8" parameterType="String">
        insert into recite(id,type) values (#{id},#{type})
    </insert>
    <insert id="insertusersign" parameterType="String">
        insert into sign(id) values (#{id})
    </insert>
    <delete id="deletbyid" parameterType="string">
        delete from user where id =#{id}
    </delete>
    <delete id="deletbyidplan" parameterType="string">
        delete from plan where id =#{id}
    </delete>
    <delete id="deletbyidtype" parameterType="string">
        delete from recite where id =#{id}
    </delete>
    <delete id="deletbyidsign" parameterType="string">
        delete from sign where id =#{id}
    </delete>
    <update id="change" parameterType="string">
        update user SET password=#{password} WHERE id =#{id}
    </update>
    <update id="changeplan" parameterType="string">
        update plan SET num=#{plan} WHERE id =#{id}
    </update>
    <update id="changesign" parameterType="String">
        update sign SET time=#{time} WHERE id =#{id}
    </update>
</mapper>